[
  { "nombre": "Afganistán" },
  { "nombre": "Albania" },
  { "nombre": "Alemania" },
  { "nombre": "Andorra" },
  { "nombre": "Angola" },
  { "nombre": "Antigua y Barbuda" },
  { "nombre": "Arabia Saudita" },
  { "nombre": "Argelia" },
  { "nombre": "Argentina" },
  { "nombre": "Armenia" },
  { "nombre": "Australia" },
  { "nombre": "Austria" },
  { "nombre": "Azerbaiyán" },
  { "nombre": "Bahamas" },
  { "nombre": "Bangladés" },
  { "nombre": "Barbados" },
  { "nombre": "Baréin" },
  { "nombre": "Bélgica" },
  { "nombre": "Belice" },
  { "nombre": "Benín" },
  { "nombre": "Bielorrusia" },
  { "nombre": "Birmania" },
  { "nombre": "Bolivia" },
  { "nombre": "Bosnia y Herzegovina" },
  { "nombre": "Botsuana" },
  { "nombre": "Brasil" },
  { "nombre": "Brunéi" },
  { "nombre": "Bulgaria" },
  { "nombre": "Burkina Faso" },
  { "nombre": "Burundi" },
  { "nombre": "Bután" },
  { "nombre": "Cabo Verde" },
  { "nombre": "Camboya" },
  { "nombre": "Camerún" },
  { "nombre": "Canadá" },
  { "nombre": "Catar" },
  { "nombre": "Chad" },
  { "nombre": "Chile" },
  { "nombre": "China" },
  { "nombre": "Chipre" },
  { "nombre": "Colombia" },
  { "nombre": "Comoras" },
  { "nombre": "Corea del Norte" },
  { "nombre": "Corea del Sur" },
  { "nombre": "Costa de Marfil" },
  { "nombre": "Costa Rica" },
  { "nombre": "Croacia" },
  { "nombre": "Cuba" },
  { "nombre": "Dinamarca" },
  { "nombre": "Dominica" },
  { "nombre": "Ecuador" },
  { "nombre": "Egipto" },
  { "nombre": "El Salvador" },
  { "nombre": "Emiratos Árabes Unidos" },
  { "nombre": "Eritrea" },
  { "nombre": "Eslovaquia" },
  { "nombre": "Eslovenia" },
  { "nombre": "España" },
  { "nombre": "Estados Unidos" },
  { "nombre": "Estonia" },
  { "nombre": "Esuatini" },
  { "nombre": "Etiopía" },
  { "nombre": "Filipinas" },
  { "nombre": "Finlandia" },
  { "nombre": "Fiyi" },
  { "nombre": "Francia" },
  { "nombre": "Gabón" },
  { "nombre": "Gambia" },
  { "nombre": "Georgia" },
  { "nombre": "Ghana" },
  { "nombre": "Granada" },
  { "nombre": "Grecia" },
  { "nombre": "Guatemala" },
  { "nombre": "Guyana" },
  { "nombre": "Guinea" },
  { "nombre": "Guinea-Bisáu" },
  { "nombre": "Guinea Ecuatorial" },
  { "nombre": "Haití" },
  { "nombre": "Honduras" },
  { "nombre": "Hungría" },
  { "nombre": "India" },
  { "nombre": "Indonesia" },
  { "nombre": "Irak" },
  { "nombre": "Irán" },
  { "nombre": "Irlanda" },
  { "nombre": "Islandia" },
  { "nombre": "Islas Marshall" },
  { "nombre": "Islas Salomón" },
  { "nombre": "Israel" },
  { "nombre": "Italia" },
  { "nombre": "Jamaica" },
  { "nombre": "Japón" },
  { "nombre": "Jordania" },
  { "nombre": "Kazajistán" },
  { "nombre": "Kenia" },
  { "nombre": "Kirguistán" },
  { "nombre": "Kiribati" },
  { "nombre": "Kuwait" },
  { "nombre": "Laos" },
  { "nombre": "Lesoto" },
  { "nombre": "Letonia" },
  { "nombre": "Líbano" },
  { "nombre": "Liberia" },
  { "nombre": "Libia" },
  { "nombre": "Liechtenstein" },
  { "nombre": "Lituania" },
  { "nombre": "Luxemburgo" },
  { "nombre": "Madagascar" },
  { "nombre": "Malasia" },
  { "nombre": "Malaui" },
  { "nombre": "Maldivas" },
  { "nombre": "Malí" },
  { "nombre": "Malta" },
  { "nombre": "Marruecos" },
  { "nombre": "Mauricio" },
  { "nombre": "Mauritania" },
  { "nombre": "México" },
  { "nombre": "Micronesia" },
  { "nombre": "Moldavia" },
  { "nombre": "Mónaco" },
  { "nombre": "Mongolia" },
  { "nombre": "Montenegro" },
  { "nombre": "Mozambique" },
  { "nombre": "Namibia" },
  { "nombre": "Nauru" },
  { "nombre": "Nepal" },
  { "nombre": "Nicaragua" },
  { "nombre": "Níger" },
  { "nombre": "Nigeria" },
  { "nombre": "Noruega" },
  { "nombre": "Nueva Zelanda" },
  { "nombre": "Omán" },
  { "nombre": "Países Bajos" },
  { "nombre": "Pakistán" },
  { "nombre": "Palaos" },
  { "nombre": "Palestina" },
  { "nombre": "Panamá" },
  { "nombre": "Papúa Nueva Guinea" },
  { "nombre": "Paraguay" },
  { "nombre": "Perú" },
  { "nombre": "Polonia" },
  { "nombre": "Portugal" },
  { "nombre": "Reino Unido" },
  { "nombre": "República Centroafricana" },
  { "nombre": "República Checa" },
  { "nombre": "República del Congo" },
  { "nombre": "República Democrática del Congo" },
  { "nombre": "República Dominicana" },
  { "nombre": "Ruanda" },
  { "nombre": "Rumania" },
  { "nombre": "Rusia" },
  { "nombre": "Samoa" },
  { "nombre": "San Cristóbal y Nieves" },
  { "nombre": "San Marino" },
  { "nombre": "San Vicente y las Granadinas" },
  { "nombre": "Santa Lucía" },
  { "nombre": "Santo Tomé y Príncipe" },
  { "nombre": "Senegal" },
  { "nombre": "Serbia" },
  { "nombre": "Seychelles" },
  { "nombre": "Sierra Leona" },
  { "nombre": "Singapur" },
  { "nombre": "Siria" },
  { "nombre": "Somalia" },
  { "nombre": "Sri Lanka" },
  { "nombre": "Sudáfrica" },
  { "nombre": "Sudán" },
  { "nombre": "Sudán del Sur" },
  { "nombre": "Suecia" },
  { "nombre": "Suiza" },
  { "nombre": "Surinam" },
  { "nombre": "Tailandia" },
  { "nombre": "Tanzania" },
  { "nombre": "Tayikistán" },
  { "nombre": "Timor Oriental" },
  { "nombre": "Togo" },
  { "nombre": "Tonga" },
  { "nombre": "Trinidad y Tobago" },
  { "nombre": "Túnez" },
  { "nombre": "Turkmenistán" },
  { "nombre": "Turquía" },
  { "nombre": "Tuvalu" },
  { "nombre": "Ucrania" },
  { "nombre": "Uganda" },
  { "nombre": "Uruguay" },
  { "nombre": "Uzbekistán" },
  { "nombre": "Vanuatu" },
  { "nombre": "Vaticano" },
  { "nombre": "Venezuela" },
  { "nombre": "Vietnam" },
  { "nombre": "Yemen" },
  { "nombre": "Yibuti" },
  { "nombre": "Zambia" },
  { "nombre": "Zimbabue" }
]
